{
    "type": "FeatureCollection",
    "generator": "JOSM",
    "features": [
        {
            "type": "Feature",
            "properties": {
                "row": "A",
                "seat": "2"
            },
            "geometry": {
                "type": "Point",
                "coordinates": [
                    10.01418948000,
                    53.55386429000
                ]
            }
        },
        {
            "type": "Feature",
            "properties": {
                "indoor": "wall"
            },
            "geometry": {
                "type": "LineString",
                "coordinates": [
                    [
                        10.01431678000,
                        53.55399443000
                    ],
                    [
                        10.01433163000,
                        53.55399826000
                    ],
                    [
                        10.01432827000,
                        53.55401001000
                    ],
                    [
                        10.01440790000,
                        53.55401668000
                    ],
                    [
                        10.01443562000,
                        53.55403362000
                    ]
                ]
            }
        },
        {
            "type": "Feature",
            "properties": {
                "row": "A",
                "seat": "22"
            },
            "geometry": {
                "type": "Point",
                "coordinates": [
                    10.01434846000,
                    53.55376363000
                ]
            }
        },
        {
            "type": "Feature",
            "properties": {
                "seat": "6",
                "row": "H"
            },
            "geometry": {
                "type": "Point",
                "coordinates": [
                    10.01434771000,
                    53.55390652000
                ]
            }
        },
        {
            "type": "Feature",
            "properties": {
                "seat": "8",
                "row": "C"
            },
            "geometry": {
                "type": "Point",
                "coordinates": [
                    10.01427806000,
                    53.55384562000
                ]
            }
        },
        {
            "type": "Feature",
            "properties": {
                "seat": "6",
                "row": "E"
            },
            "geometry": {
                "type": "Point",
                "coordinates": [
                    10.01430546000,
                    53.55388230000
                ]
            }
        },
        {
            "type": "Feature",
            "properties": {
                "row": "H",
                "seat": "24"
            },
            "geometry": {
                "type": "Point",
                "coordinates": [
                    10.01448430000,
                    53.55383151000
                ]
            }
        },
        {
            "type": "Feature",
            "properties": {
                "row": "F",
                "seat": "21"
            },
            "geometry": {
                "type": "Point",
                "coordinates": [
                    10.01441616000,
                    53.55383208000
                ]
            }
        },
        {
            "type": "Feature",
            "properties": {
                "seat": "16",
                "row": "L"
            },
            "geometry": {
                "type": "Point",
                "coordinates": [
                    10.01445992000,
                    53.55388485000
                ]
            }
        },
        {
            "type": "Feature",
            "properties": {
                "seat": "6",
                "row": "J"
            },
            "geometry": {
                "type": "Point",
                "coordinates": [
                    10.01436641000,
                    53.55391101000
                ]
            }
        },
        {
            "type": "Feature",
            "properties": {
                "indoor": "wall"
            },
            "geometry": {
                "type": "LineString",
                "coordinates": [
                    [
                        10.01446757000,
                        53.55376225000
                    ],
                    [
                        10.01445232000,
                        53.55375019000
                    ],
                    [
                        10.01444830000,
                        53.55375327000
                    ],
                    [
                        10.01440088000,
                        53.55371654000
                    ],
                    [
                        10.01435795000,
                        53.55374095000
                    ],
                    [
                        10.01431611000,
                        53.55376602000
                    ],
                    [
                        10.01427538000,
                        53.55379172000
                    ],
                    [
                        10.01426192765,
                        53.55380066672
                    ],
                    [
                        10.01423579000,
                        53.55381805000
                    ],
                    [
                        10.01419738000,
                        53.55384498000
                    ],
                    [
                        10.01415979000,
                        53.55387277000
                    ],
                    [
                        10.01422029000,
                        53.55390086000
                    ],
                    [
                        10.01421799000,
                        53.55390261000
                    ],
                    [
                        10.01425167000,
                        53.55391826000
                    ]
                ]
            }
        },
        {
            "type": "Feature",
            "properties": {
                "seat": "20",
                "row": "B"
            },
            "geometry": {
                "type": "Point",
                "coordinates": [
                    10.01437562000,
                    53.55377094000
                ]
            }
        },
        {
            "type": "Feature",
            "properties": {
                "row": "J",
                "seat": "11"
            },
            "geometry": {
                "type": "Point",
                "coordinates": [
                    10.01439654000,
                    53.55389034000
                ]
            }
        },
        {
            "type": "Feature",
            "properties": {
                "seat": "9",
                "row": "A"
            },
            "geometry": {
                "type": "Point",
                "coordinates": [
                    10.01423792000,
                    53.55382605000
                ]
            }
        },
        {
            "type": "Feature",
            "properties": {
                "row": "L",
                "seat": "13"
            },
            "geometry": {
                "type": "Point",
                "coordinates": [
                    10.01443946000,
                    53.55389601000
                ]
            }
        },
        {
            "type": "Feature",
            "properties": {
                "seat": "15",
                "row": "B"
            },
            "geometry": {
                "type": "Point",
                "coordinates": [
                    10.01431404000,
                    53.55380125000
                ]
            }
        },
        {
            "type": "Feature",
            "properties": {
                "indoor": "wall"
            },
            "geometry": {
                "type": "LineString",
                "coordinates": [
                    [
                        10.01428012000,
                        53.55398497000
                    ],
                    [
                        10.01429193000,
                        53.55397626000
                    ],
                    [
                        10.01423981000,
                        53.55395325000
                    ],
                    [
                        10.01423506000,
                        53.55395116000
                    ]
                ]
            }
        },
        {
            "type": "Feature",
            "properties": {
                "row": "L",
                "seat": "11"
            },
            "geometry": {
                "type": "Point",
                "coordinates": [
                    10.01442604000,
                    53.55390398000
                ]
            }
        },
        {
            "type": "Feature",
            "properties": {
                "seat": "10",
                "row": "G"
            },
            "geometry": {
                "type": "Point",
                "coordinates": [
                    10.01435903000,
                    53.55387996000
                ]
            }
        },
        {
            "type": "Feature",
            "properties": {
                "seat": "7",
                "row": "E"
            },
            "geometry": {
                "type": "Point",
                "coordinates": [
                    10.01431164000,
                    53.55387777000
                ]
            }
        },
        {
            "type": "Feature",
            "properties": {
                "seat": "17",
                "row": "H"
            },
            "geometry": {
                "type": "Point",
                "coordinates": [
                    10.01441863000,
                    53.55386209000
                ]
            }
        },
        {
            "type": "Feature",
            "properties": {
                "row": "A",
                "seat": "12"
            },
            "geometry": {
                "type": "Point",
                "coordinates": [
                    10.01426069000,
                    53.55381083000
                ]
            }
        },
        {
            "type": "Feature",
            "properties": {
                "seat": "9",
                "row": "F"
            },
            "geometry": {
                "type": "Point",
                "coordinates": [
                    10.01433542000,
                    53.55387844000
                ]
            }
        },
        {
            "type": "Feature",
            "properties": {
                "seat": "25",
                "row": "C"
            },
            "geometry": {
                "type": "Point",
                "coordinates": [
                    10.01444010000,
                    53.55376358000
                ]
            }
        },
        {
            "type": "Feature",
            "properties": {
                "indoor": "door"
            },
            "geometry": {
                "type": "LineString",
                "coordinates": [
                    [
                        10.01434221000,
                        53.55398590000
                    ],
                    [
                        10.01434942000,
                        53.55398021000
                    ]
                ]
            }
        },
        {
            "type": "Feature",
            "properties": {
                "seat": "7",
                "row": "D"
            },
            "geometry": {
                "type": "Point",
                "coordinates": [
                    10.01429848000,
                    53.55385340000
                ]
            }
        },
        {
            "type": "Feature",
            "properties": {
                "row": "J",
                "seat": "13"
            },
            "geometry": {
                "type": "Point",
                "coordinates": [
                    10.01440884000,
                    53.55388281000
                ]
            }
        },
        {
            "type": "Feature",
            "properties": {
                "row": "K",
                "seat": "10"
            },
            "geometry": {
                "type": "Point",
                "coordinates": [
                    10.01440069000,
                    53.55390404000
                ]
            }
        },
        {
            "type": "Feature",
            "properties": {
                "row": "K",
                "seat": "25"
            },
            "geometry": {
                "type": "Point",
                "coordinates": [
                    10.01452348000,
                    53.55384399000
                ]
            }
        },
        {
            "type": "Feature",
            "properties": {
                "row": "N",
                "seat": "12"
            },
            "geometry": {
                "type": "Point",
                "coordinates": [
                    10.01448172000,
                    53.55390367000
                ]
            }
        },
        {
            "type": "Feature",
            "properties": {
                "seat": "18",
                "row": "J"
            },
            "geometry": {
                "type": "Point",
                "coordinates": [
                    10.01444382000,
                    53.55386372000
                ]
            }
        },
        {
            "type": "Feature",
            "properties": {
                "row": "N",
                "seat": "2"
            },
            "geometry": {
                "type": "Point",
                "coordinates": [
                    10.01441203000,
                    53.55394923000
                ]
            }
        },
        {
            "type": "Feature",
            "properties": {
                "seat": "16",
                "row": "K"
            },
            "geometry": {
                "type": "Point",
                "coordinates": [
                    10.01444131000,
                    53.55388004000
                ]
            }
        },
        {
            "type": "Feature",
            "properties": {
                "row": "E",
                "seat": "22"
            },
            "geometry": {
                "type": "Point",
                "coordinates": [
                    10.01442771000,
                    53.55381227000
                ]
            }
        },
        {
            "type": "Feature",
            "properties": {
                "seat": "15",
                "row": "H"
            },
            "geometry": {
                "type": "Point",
                "coordinates": [
                    10.01440468000,
                    53.55386974000
                ]
            }
        },
        {
            "type": "Feature",
            "properties": {
                "row": "F",
                "seat": "11"
            },
            "geometry": {
                "type": "Point",
                "coordinates": [
                    10.01434728000,
                    53.55387058000
                ]
            }
        },
        {
            "type": "Feature",
            "properties": {
                "seat": "6",
                "row": "A"
            },
            "geometry": {
                "type": "Point",
                "coordinates": [
                    10.01421467000,
                    53.55384328000
                ]
            }
        },
        {
            "type": "Feature",
            "properties": {
                "row": "J",
                "seat": "21"
            },
            "geometry": {
                "type": "Point",
                "coordinates": [
                    10.01448148000,
                    53.55384640000
                ]
            }
        },
        {
            "type": "Feature",
            "properties": {
                "seat": "24",
                "row": "C"
            },
            "geometry": {
                "type": "Point",
                "coordinates": [
                    10.01443151000,
                    53.55376675000
                ]
            }
        },
        {
            "type": "Feature",
            "properties": {
                "indoor": "wall"
            },
            "geometry": {
                "type": "LineString",
                "coordinates": [
                    [
                        10.01429193000,
                        53.55397626000
                    ],
                    [
                        10.01429910000,
                        53.55397065000
                    ]
                ]
            }
        },
        {
            "type": "Feature",
            "properties": {
                "seat": "18",
                "row": "C"
            },
            "geometry": {
                "type": "Point",
                "coordinates": [
                    10.01436074000,
                    53.55379726000
                ]
            }
        },
        {
            "type": "Feature",
            "properties": {
                "row": "H",
                "seat": "23"
            },
            "geometry": {
                "type": "Point",
                "coordinates": [
                    10.01447665000,
                    53.55383467000
                ]
            }
        },
        {
            "type": "Feature",
            "properties": {
                "indoor": "wall"
            },
            "geometry": {
                "type": "LineString",
                "coordinates": [
                    [
                        10.01446148000,
                        53.55404942000
                    ],
                    [
                        10.01448867000,
                        53.55402832000
                    ],
                    [
                        10.01464803000,
                        53.55390461000
                    ],
                    [
                        10.01459833787,
                        53.55386568583
                    ],
                    [
                        10.01458743000,
                        53.55385705000
                    ]
                ]
            }
        },
        {
            "type": "Feature",
            "properties": {
                "row": "K",
                "seat": "3"
            },
            "geometry": {
                "type": "Point",
                "coordinates": [
                    10.01436120000,
                    53.55393306000
                ]
            }
        },
        {
            "type": "Feature",
            "properties": {
                "seat": "27",
                "row": "A"
            },
            "geometry": {
                "type": "Point",
                "coordinates": [
                    10.01439825000,
                    53.55374301000
                ]
            }
        },
        {
            "type": "Feature",
            "properties": {
                "seat": "6",
                "row": "K"
            },
            "geometry": {
                "type": "Point",
                "coordinates": [
                    10.01437763000,
                    53.55392015000
                ]
            }
        },
        {
            "type": "Feature",
            "properties": {
                "row": "B",
                "seat": "12"
            },
            "geometry": {
                "type": "Point",
                "coordinates": [
                    10.01429009000,
                    53.55381525000
                ]
            }
        },
        {
            "type": "Feature",
            "properties": {
                "row": "N",
                "seat": "1"
            },
            "geometry": {
                "type": "Point",
                "coordinates": [
                    10.01440509000,
                    53.55395516000
                ]
            }
        },
        {
            "type": "Feature",
            "properties": {
                "seat": "5",
                "row": "A"
            },
            "geometry": {
                "type": "Point",
                "coordinates": [
                    10.01421026000,
                    53.55384676000
                ]
            }
        },
        {
            "type": "Feature",
            "properties": {
                "seat": "13",
                "row": "C"
            },
            "geometry": {
                "type": "Point",
                "coordinates": [
                    10.01431591000,
                    53.55382142000
                ]
            }
        },
        {
            "type": "Feature",
            "properties": {
                "row": "F",
                "seat": "25"
            },
            "geometry": {
                "type": "Point",
                "coordinates": [
                    10.01446139000,
                    53.55381207000
                ]
            }
        },
        {
            "type": "Feature",
            "properties": {
                "row": "E",
                "seat": "14"
            },
            "geometry": {
                "type": "Point",
                "coordinates": [
                    10.01435500000,
                    53.55384946000
                ]
            }
        },
        {
            "type": "Feature",
            "properties": {
                "row": "K",
                "seat": "19"
            },
            "geometry": {
                "type": "Point",
                "coordinates": [
                    10.01446293000,
                    53.55386911000
                ]
            }
        },
        {
            "type": "Feature",
            "properties": {
                "seat": "9",
                "row": "H"
            },
            "geometry": {
                "type": "Point",
                "coordinates": [
                    10.01436634000,
                    53.55389338000
                ]
            }
        },
        {
            "type": "Feature",
            "properties": {
                "seat": "17",
                "row": "F"
            },
            "geometry": {
                "type": "Point",
                "coordinates": [
                    10.01438777000,
                    53.55384662000
                ]
            }
        },
        {
            "type": "Feature",
            "properties": {
                "seat": "18",
                "row": "G"
            },
            "geometry": {
                "type": "Point",
                "coordinates": [
                    10.01441256000,
                    53.55384874000
                ]
            }
        },
        {
            "type": "Feature",
            "properties": {
                "indoor": "wall"
            },
            "geometry": {
                "type": "LineString",
                "coordinates": [
                    [
                        10.01432203000,
                        53.55411911000
                    ],
                    [
                        10.01430041000,
                        53.55413598000
                    ],
                    [
                        10.01427057000,
                        53.55412249000
                    ]
                ]
            }
        },
        {
            "type": "Feature",
            "properties": {
                "seat": "8",
                "row": "B"
            },
            "geometry": {
                "type": "Point",
                "coordinates": [
                    10.01425681000,
                    53.55383734000
                ]
            }
        },
        {
            "type": "Feature",
            "properties": {
                "row": "F",
                "seat": "3"
            },
            "geometry": {
                "type": "Point",
                "coordinates": [
                    10.01430001000,
                    53.55390478000
                ]
            }
        },
        {
            "type": "Feature",
            "properties": {
                "row": "K",
                "seat": "22"
            },
            "geometry": {
                "type": "Point",
                "coordinates": [
                    10.01450086000,
                    53.55385252000
                ]
            }
        },
        {
            "type": "Feature",
            "properties": {
                "seat": "10",
                "row": "D"
            },
            "geometry": {
                "type": "Point",
                "coordinates": [
                    10.01432050000,
                    53.55383909000
                ]
            }
        },
        {
            "type": "Feature",
            "properties": {
                "row": "L",
                "seat": "20"
            },
            "geometry": {
                "type": "Point",
                "coordinates": [
                    10.01450351000,
                    53.55386461000
                ]
            }
        },
        {
            "type": "Feature",
            "properties": {
                "seat": "18",
                "row": "B"
            },
            "geometry": {
                "type": "Point",
                "coordinates": [
                    10.01434138000,
                    53.55378684000
                ]
            }
        },
        {
            "type": "Feature",
            "properties": {
                "row": "J",
                "seat": "14"
            },
            "geometry": {
                "type": "Point",
                "coordinates": [
                    10.01441611000,
                    53.55387857000
                ]
            }
        },
        {
            "type": "Feature",
            "properties": {
                "seat": "20",
                "row": "H"
            },
            "geometry": {
                "type": "Point",
                "coordinates": [
                    10.01444017000,
                    53.55385113000
                ]
            }
        },
        {
            "type": "Feature",
            "properties": {
                "seat": "19",
                "row": "H"
            },
            "geometry": {
                "type": "Point",
                "coordinates": [
                    10.01443244000,
                    53.55385495000
                ]
            }
        },
        {
            "type": "Feature",
            "properties": {
                "seat": "15",
                "row": "E"
            },
            "geometry": {
                "type": "Point",
                "coordinates": [
                    10.01436126000,
                    53.55384581000
                ]
            }
        },
        {
            "type": "Feature",
            "properties": {
                "seat": "20",
                "row": "G"
            },
            "geometry": {
                "type": "Point",
                "coordinates": [
                    10.01442752000,
                    53.55384122000
                ]
            }
        },
        {
            "type": "Feature",
            "properties": {
                "seat": "3",
                "row": "C"
            },
            "geometry": {
                "type": "Point",
                "coordinates": [
                    10.01424312000,
                    53.55387203000
                ]
            }
        },
        {
            "type": "Feature",
            "properties": {
                "row": "F",
                "seat": "20"
            },
            "geometry": {
                "type": "Point",
                "coordinates": [
                    10.01440841000,
                    53.55383589000
                ]
            }
        },
        {
            "type": "Feature",
            "properties": {
                "cinema": "view_axis"
            },
            "geometry": {
                "type": "LineString",
                "coordinates": [
                    [
                        10.01452987405,
                        53.55394270266
                    ],
                    [
                        10.01426192765,
                        53.55380066672
                    ]
                ]
            }
        },
        {
            "type": "Feature",
            "properties": {
                "row": "N",
                "seat": "10"
            },
            "geometry": {
                "type": "Point",
                "coordinates": [
                    10.01446536000,
                    53.55391258000
                ]
            }
        },
        {
            "type": "Feature",
            "properties": {
                "row": "M",
                "seat": "6"
            },
            "geometry": {
                "type": "Point",
                "coordinates": [
                    10.01441163000,
                    53.55392921000
                ]
            }
        },
        {
            "type": "Feature",
            "properties": {
                "row": "M",
                "seat": "1"
            },
            "geometry": {
                "type": "Point",
                "coordinates": [
                    10.01438216000,
                    53.55395298000
                ]
            }
        },
        {
            "type": "Feature",
            "properties": {
                "seat": "10",
                "row": "B"
            },
            "geometry": {
                "type": "Point",
                "coordinates": [
                    10.01427228000,
                    53.55382665000
                ]
            }
        },
        {
            "type": "Feature",
            "properties": null,
            "geometry": {
                "type": "LineString",
                "coordinates": [
                    [
                        10.01426192765,
                        53.55380066672
                    ],
                    [
                        10.01407577252,
                        53.55370198730
                    ]
                ]
            }
        },
        {
            "type": "Feature",
            "properties": {
                "row": "E",
                "seat": "25"
            },
            "geometry": {
                "type": "Point",
                "coordinates": [
                    10.01444945000,
                    53.55380310000
                ]
            }
        },
        {
            "type": "Feature",
            "properties": {
                "seat": "16",
                "row": "G"
            },
            "geometry": {
                "type": "Point",
                "coordinates": [
                    10.01439925000,
                    53.55385584000
                ]
            }
        },
        {
            "type": "Feature",
            "properties": {
                "indoor": "wall"
            },
            "geometry": {
                "type": "LineString",
                "coordinates": [
                    [
                        10.01427671000,
                        53.55411770000
                    ],
                    [
                        10.01427057000,
                        53.55412249000
                    ],
                    [
                        10.01421085000,
                        53.55416883000
                    ],
                    [
                        10.01420845000,
                        53.55416774000
                    ]
                ]
            }
        },
        {
            "type": "Feature",
            "properties": {
                "row": "N",
                "seat": "17"
            },
            "geometry": {
                "type": "Point",
                "coordinates": [
                    10.01453835000,
                    53.55387870000
                ]
            }
        },
        {
            "type": "Feature",
            "properties": {
                "seat": "5",
                "row": "D"
            },
            "geometry": {
                "type": "Point",
                "coordinates": [
                    10.01428327000,
                    53.55386418000
                ]
            }
        },
        {
            "type": "Feature",
            "properties": {
                "seat": "19",
                "row": "F"
            },
            "geometry": {
                "type": "Point",
                "coordinates": [
                    10.01440115000,
                    53.55383956000
                ]
            }
        },
        {
            "type": "Feature",
            "properties": {
                "indoor": "wall"
            },
            "geometry": {
                "type": "LineString",
                "coordinates": [
                    [
                        10.01434942000,
                        53.55398021000
                    ],
                    [
                        10.01436266000,
                        53.55396976000
                    ]
                ]
            }
        },
        {
            "type": "Feature",
            "properties": {
                "row": "B",
                "seat": "25"
            },
            "geometry": {
                "type": "Point",
                "coordinates": [
                    10.01442267000,
                    53.55375239000
                ]
            }
        },
        {
            "type": "Feature",
            "properties": {
                "row": "H",
                "seat": "12"
            },
            "geometry": {
                "type": "Point",
                "coordinates": [
                    10.01438494000,
                    53.55388140000
                ]
            }
        },
        {
            "type": "Feature",
            "properties": {
                "row": "F",
                "seat": "1"
            },
            "geometry": {
                "type": "Point",
                "coordinates": [
                    10.01428939000,
                    53.55391367000
                ]
            }
        },
        {
            "type": "Feature",
            "properties": {
                "seat": "27",
                "row": "E"
            },
            "geometry": {
                "type": "Point",
                "coordinates": [
                    10.01446649000,
                    53.55379644000
                ]
            }
        },
        {
            "type": "Feature",
            "properties": {
                "seat": "12",
                "row": "C"
            },
            "geometry": {
                "type": "Point",
                "coordinates": [
                    10.01430731000,
                    53.55382658000
                ]
            }
        },
        {
            "type": "Feature",
            "properties": {
                "seat": "13",
                "row": "D"
            },
            "geometry": {
                "type": "Point",
                "coordinates": [
                    10.01434626000,
                    53.55382401000
                ]
            }
        },
        {
            "type": "Feature",
            "properties": {
                "row": "G",
                "seat": "22"
            },
            "geometry": {
                "type": "Point",
                "coordinates": [
                    10.01445745000,
                    53.55382738000
                ]
            }
        },
        {
            "type": "Feature",
            "properties": {
                "seat": "27",
                "row": "H"
            },
            "geometry": {
                "type": "Point",
                "coordinates": [
                    10.01450736000,
                    53.55382260000
                ]
            }
        },
        {
            "type": "Feature",
            "properties": {
                "row": "M",
                "seat": "15"
            },
            "geometry": {
                "type": "Point",
                "coordinates": [
                    10.01446964000,
                    53.55389393000
                ]
            }
        },
        {
            "type": "Feature",
            "properties": {
                "row": "N",
                "seat": "5"
            },
            "geometry": {
                "type": "Point",
                "coordinates": [
                    10.01443067000,
                    53.55393483000
                ]
            }
        },
        {
            "type": "Feature",
            "properties": {
                "seat": "7",
                "row": "L"
            },
            "geometry": {
                "type": "Point",
                "coordinates": [
                    10.01440164000,
                    53.55391997000
                ]
            }
        },
        {
            "type": "Feature",
            "properties": {
                "indoor": "double_door"
            },
            "geometry": {
                "type": "LineString",
                "coordinates": [
                    [
                        10.01448151000,
                        53.55377328000
                    ],
                    [
                        10.01446757000,
                        53.55376225000
                    ]
                ]
            }
        },
        {
            "type": "Feature",
            "properties": {
                "seat": "6",
                "row": "C"
            },
            "geometry": {
                "type": "Point",
                "coordinates": [
                    10.01426466000,
                    53.55385522000
                ]
            }
        },
        {
            "type": "Feature",
            "properties": {
                "row": "J",
                "seat": "19"
            },
            "geometry": {
                "type": "Point",
                "coordinates": [
                    10.01445156000,
                    53.55385991000
                ]
            }
        },
        {
            "type": "Feature",
            "properties": {
                "row": "M",
                "seat": "13"
            },
            "geometry": {
                "type": "Point",
                "coordinates": [
                    10.01445631000,
                    53.55390105000
                ]
            }
        },
        {
            "type": "Feature",
            "properties": {
                "seat": "9",
                "row": "D"
            },
            "geometry": {
                "type": "Point",
                "coordinates": [
                    10.01431445000,
                    53.55384287000
                ]
            }
        },
        {
            "type": "Feature",
            "properties": {
                "seat": "15",
                "row": "K"
            },
            "geometry": {
                "type": "Point",
                "coordinates": [
                    10.01443456000,
                    53.55388370000
                ]
            }
        },
        {
            "type": "Feature",
            "properties": {
                "seat": "5",
                "row": "F"
            },
            "geometry": {
                "type": "Point",
                "coordinates": [
                    10.01431199000,
                    53.55389534000
                ]
            }
        },
        {
            "type": "Feature",
            "properties": {
                "seat": "26",
                "row": "H"
            },
            "geometry": {
                "type": "Point",
                "coordinates": [
                    10.01450025000,
                    53.55382526000
                ]
            }
        },
        {
            "type": "Feature",
            "properties": {
                "indoor": "double_door"
            },
            "geometry": {
                "type": "LineString",
                "coordinates": [
                    [
                        10.01418586000,
                        53.55415747000
                    ],
                    [
                        10.01416512000,
                        53.55414804000
                    ]
                ]
            }
        },
        {
            "type": "Feature",
            "properties": {
                "seat": "4",
                "row": "E"
            },
            "geometry": {
                "type": "Point",
                "coordinates": [
                    10.01429409000,
                    53.55389099000
                ]
            }
        },
        {
            "type": "Feature",
            "properties": {
                "seat": "28",
                "row": "F"
            },
            "geometry": {
                "type": "Point",
                "coordinates": [
                    10.01448590000,
                    53.55380262000
                ]
            }
        },
        {
            "type": "Feature",
            "properties": {
                "row": "K",
                "seat": "1"
            },
            "geometry": {
                "type": "Point",
                "coordinates": [
                    10.01434976000,
                    53.55394290000
                ]
            }
        },
        {
            "type": "Feature",
            "properties": {
                "seat": "16",
                "row": "E"
            },
            "geometry": {
                "type": "Point",
                "coordinates": [
                    10.01436862000,
                    53.55384163000
                ]
            }
        },
        {
            "type": "Feature",
            "properties": {
                "row": "J",
                "seat": "2"
            },
            "geometry": {
                "type": "Point",
                "coordinates": [
                    10.01434440000,
                    53.55392857000
                ]
            }
        },
        {
            "type": "Feature",
            "properties": {
                "row": "L",
                "seat": "25"
            },
            "geometry": {
                "type": "Point",
                "coordinates": [
                    10.01454384000,
                    53.55384934000
                ]
            }
        },
        {
            "type": "Feature",
            "properties": {
                "row": "H",
                "seat": "13"
            },
            "geometry": {
                "type": "Point",
                "coordinates": [
                    10.01439115000,
                    53.55387762000
                ]
            }
        },
        {
            "type": "Feature",
            "properties": {
                "row": "J",
                "seat": "20",
                "rating": "4.0"
            },
            "geometry": {
                "type": "Point",
                "coordinates": [
                    10.01447410000,
                    53.55384956000
                ]
            }
        },
        {
            "type": "Feature",
            "properties": {
                "seat": "1",
                "row": "C"
            },
            "geometry": {
                "type": "Point",
                "coordinates": [
                    10.01422981000,
                    53.55388342000
                ]
            }
        },
        {
            "type": "Feature",
            "properties": {
                "seat": "5",
                "row": "G"
            },
            "geometry": {
                "type": "Point",
                "coordinates": [
                    10.01433048000,
                    53.55390000000
                ]
            }
        },
        {
            "type": "Feature",
            "properties": {
                "seat": "6",
                "row": "L"
            },
            "geometry": {
                "type": "Point",
                "coordinates": [
                    10.01439536000,
                    53.55392444000
                ]
            }
        },
        {
            "type": "Feature",
            "properties": {
                "indoor": "double_door"
            },
            "geometry": {
                "type": "LineString",
                "coordinates": [
                    [
                        10.01428920000,
                        53.55398732000
                    ],
                    [
                        10.01431678000,
                        53.55399443000
                    ]
                ]
            }
        },
        {
            "type": "Feature",
            "properties": {
                "seat": "8",
                "row": "E"
            },
            "geometry": {
                "type": "Point",
                "coordinates": [
                    10.01431761000,
                    53.55387353000
                ]
            }
        },
        {
            "type": "Feature",
            "properties": {
                "row": "M",
                "seat": "23"
            },
            "geometry": {
                "type": "Point",
                "coordinates": [
                    10.01454567000,
                    53.55386126000
                ]
            }
        },
        {
            "type": "Feature",
            "properties": {
                "seat": "5",
                "row": "H"
            },
            "geometry": {
                "type": "Point",
                "coordinates": [
                    10.01434313000,
                    53.55390994000
                ]
            }
        },
        {
            "type": "Feature",
            "properties": {
                "indoor": "wall"
            },
            "geometry": {
                "type": "LineString",
                "coordinates": [
                    [
                        10.01444476000,
                        53.55403921000
                    ],
                    [
                        10.01446148000,
                        53.55404942000
                    ],
                    [
                        10.01443421000,
                        53.55407060000
                    ],
                    [
                        10.01437769000,
                        53.55411447000
                    ],
                    [
                        10.01434621000,
                        53.55410024000
                    ],
                    [
                        10.01434183000,
                        53.55410366000
                    ]
                ]
            }
        },
        {
            "type": "Feature",
            "properties": {
                "row": "G",
                "seat": "14"
            },
            "geometry": {
                "type": "Point",
                "coordinates": [
                    10.01438475000,
                    53.55386405000
                ]
            }
        },
        {
            "type": "Feature",
            "properties": {
                "seat": "7",
                "row": "F"
            },
            "geometry": {
                "type": "Point",
                "coordinates": [
                    10.01432357000,
                    53.55388674000
                ]
            }
        },
        {
            "type": "Feature",
            "properties": {
                "seat": "26",
                "row": "K"
            },
            "geometry": {
                "type": "Point",
                "coordinates": [
                    10.01453180000,
                    53.55384108000
                ]
            }
        },
        {
            "type": "Feature",
            "properties": {
                "row": "G",
                "seat": "11"
            },
            "geometry": {
                "type": "Point",
                "coordinates": [
                    10.01436515000,
                    53.55387600000
                ]
            }
        },
        {
            "type": "Feature",
            "properties": {
                "seat": "19",
                "row": "G"
            },
            "geometry": {
                "type": "Point",
                "coordinates": [
                    10.01441980000,
                    53.55384504000
                ]
            }
        },
        {
            "type": "Feature",
            "properties": {
                "cinema": "screen"
            },
            "geometry": {
                "type": "LineString",
                "coordinates": [
                    [
                        10.01459021043,
                        53.55388195638
                    ],
                    [
                        10.01457897300,
                        53.55389839228
                    ],
                    [
                        10.01456507787,
                        53.55391409469
                    ],
                    [
                        10.01454865884,
                        53.55392891238
                    ],
                    [
                        10.01452987405,
                        53.55394270266
                    ],
                    [
                        10.01450890440,
                        53.55395533273
                    ],
                    [
                        10.01448595185,
                        53.55396668093
                    ],
                    [
                        10.01446123743,
                        53.55397663800
                    ],
                    [
                        10.01443499917,
                        53.55398510803
                    ]
                ]
            }
        },
        {
            "type": "Feature",
            "properties": {
                "seat": "28",
                "row": "A"
            },
            "geometry": {
                "type": "Point",
                "coordinates": [
                    10.01440931000,
                    53.55373893000
                ]
            }
        },
        {
            "type": "Feature",
            "properties": {
                "row": "F",
                "seat": "12"
            },
            "geometry": {
                "type": "Point",
                "coordinates": [
                    10.01435345000,
                    53.55386665000
                ]
            }
        },
        {
            "type": "Feature",
            "properties": {
                "seat": "6",
                "row": "B"
            },
            "geometry": {
                "type": "Point",
                "coordinates": [
                    10.01424184000,
                    53.55384845000
                ]
            }
        },
        {
            "type": "Feature",
            "properties": {
                "row": "L",
                "seat": "2"
            },
            "geometry": {
                "type": "Point",
                "coordinates": [
                    10.01437341000,
                    53.55394142000
                ]
            }
        },
        {
            "type": "Feature",
            "properties": {
                "seat": "4",
                "row": "B"
            },
            "geometry": {
                "type": "Point",
                "coordinates": [
                    10.01422752000,
                    53.55385989000
                ]
            }
        },
        {
            "type": "Feature",
            "properties": {
                "indoor": "wall"
            },
            "geometry": {
                "type": "LineString",
                "coordinates": [
                    [
                        10.01432827000,
                        53.55401001000
                    ],
                    [
                        10.01432671000,
                        53.55401749000
                    ],
                    [
                        10.01432627000,
                        53.55402037000
                    ],
                    [
                        10.01432707000,
                        53.55402439000
                    ],
                    [
                        10.01432884000,
                        53.55402741000
                    ],
                    [
                        10.01433208000,
                        53.55403060000
                    ],
                    [
                        10.01433628000,
                        53.55403321000
                    ],
                    [
                        10.01434017000,
                        53.55403484000
                    ],
                    [
                        10.01434358000,
                        53.55403585000
                    ],
                    [
                        10.01434852000,
                        53.55403677000
                    ],
                    [
                        10.01438744000,
                        53.55404019000
                    ],
                    [
                        10.01440957000,
                        53.55405457000
                    ]
                ]
            }
        },
        {
            "type": "Feature",
            "properties": {
                "seat": "15",
                "row": "C"
            },
            "geometry": {
                "type": "Point",
                "coordinates": [
                    10.01433304000,
                    53.55381167000
                ]
            }
        },
        {
            "type": "Feature",
            "properties": {
                "seat": "17",
                "row": "J",
                "rating": "6.0"
            },
            "geometry": {
                "type": "Point",
                "coordinates": [
                    10.01443657000,
                    53.55386742000
                ]
            }
        },
        {
            "type": "Feature",
            "properties": {
                "seat": "5",
                "row": "E"
            },
            "geometry": {
                "type": "Point",
                "coordinates": [
                    10.01430005000,
                    53.55388637000
                ]
            }
        },
        {
            "type": "Feature",
            "properties": {
                "row": "N",
                "seat": "7"
            },
            "geometry": {
                "type": "Point",
                "coordinates": [
                    10.01444342000,
                    53.55392605000
                ]
            }
        },
        {
            "type": "Feature",
            "properties": {
                "row": "A",
                "seat": "1"
            },
            "geometry": {
                "type": "Point",
                "coordinates": [
                    10.01418293000,
                    53.55387024000
                ]
            }
        },
        {
            "type": "Feature",
            "properties": {
                "seat": "14",
                "row": "A"
            },
            "geometry": {
                "type": "Point",
                "coordinates": [
                    10.01427842000,
                    53.55379995000
                ]
            }
        },
        {
            "type": "Feature",
            "properties": {
                "seat": "17",
                "row": "L"
            },
            "geometry": {
                "type": "Point",
                "coordinates": [
                    10.01446719000,
                    53.55388117000
                ]
            }
        },
        {
            "type": "Feature",
            "properties": {
                "indoor": "door"
            },
            "geometry": {
                "type": "LineString",
                "coordinates": [
                    [
                        10.01443562000,
                        53.55403362000
                    ],
                    [
                        10.01444476000,
                        53.55403921000
                    ]
                ]
            }
        },
        {
            "type": "Feature",
            "properties": {
                "seat": "7",
                "row": "G"
            },
            "geometry": {
                "type": "Point",
                "coordinates": [
                    10.01434161000,
                    53.55389186000
                ]
            }
        },
        {
            "type": "Feature",
            "properties": {
                "row": "N",
                "seat": "9"
            },
            "geometry": {
                "type": "Point",
                "coordinates": [
                    10.01445925000,
                    53.55391614000
                ]
            }
        },
        {
            "type": "Feature",
            "properties": {
                "row": "H",
                "seat": "11"
            },
            "geometry": {
                "type": "Point",
                "coordinates": [
                    10.01437775000,
                    53.55388591000
                ]
            }
        },
        {
            "type": "Feature",
            "properties": {
                "seat": "3",
                "row": "A"
            },
            "geometry": {
                "type": "Point",
                "coordinates": [
                    10.01419696000,
                    53.55385776000
                ]
            }
        },
        {
            "type": "Feature",
            "properties": {
                "row": "A",
                "seat": "11"
            },
            "geometry": {
                "type": "Point",
                "coordinates": [
                    10.01425330000,
                    53.55381561000
                ]
            }
        },
        {
            "type": "Feature",
            "properties": {
                "indoor": "wall"
            },
            "geometry": {
                "type": "LineString",
                "coordinates": [
                    [
                        10.01456930000,
                        53.55384272000
                    ],
                    [
                        10.01448151000,
                        53.55377328000
                    ]
                ]
            }
        },
        {
            "type": "Feature",
            "properties": {
                "row": "M",
                "seat": "21"
            },
            "geometry": {
                "type": "Point",
                "coordinates": [
                    10.01453033000,
                    53.55386690000
                ]
            }
        },
        {
            "type": "Feature",
            "properties": {
                "seat": "27",
                "row": "G"
            },
            "geometry": {
                "type": "Point",
                "coordinates": [
                    10.01449711000,
                    53.55381158000
                ]
            }
        },
        {
            "type": "Feature",
            "properties": {
                "row": "L",
                "seat": "14"
            },
            "geometry": {
                "type": "Point",
                "coordinates": [
                    10.01444660000,
                    53.55389198000
                ]
            }
        },
        {
            "type": "Feature",
            "properties": {
                "row": "H",
                "seat": "22"
            },
            "geometry": {
                "type": "Point",
                "coordinates": [
                    10.01446918000,
                    53.55383784000
                ]
            }
        },
        {
            "type": "Feature",
            "properties": {
                "row": "L",
                "seat": "22"
            },
            "geometry": {
                "type": "Point",
                "coordinates": [
                    10.01451894000,
                    53.55385841000
                ]
            }
        },
        {
            "type": "Feature",
            "properties": {
                "seat": "26",
                "row": "J"
            },
            "geometry": {
                "type": "Point",
                "coordinates": [
                    10.01452007000,
                    53.55383152000
                ]
            }
        },
        {
            "type": "Feature",
            "properties": {
                "seat": "16",
                "row": "H"
            },
            "geometry": {
                "type": "Point",
                "coordinates": [
                    10.01441187000,
                    53.55386574000
                ]
            }
        },
        {
            "type": "Feature",
            "properties": {
                "seat": "16",
                "row": "J",
                "rating": "6.0"
            },
            "geometry": {
                "type": "Point",
                "coordinates": [
                    10.01443001000,
                    53.55387087000
                ]
            }
        },
        {
            "type": "Feature",
            "properties": {
                "seat": "9",
                "row": "E"
            },
            "geometry": {
                "type": "Point",
                "coordinates": [
                    10.01432349000,
                    53.55386947000
                ]
            }
        },
        {
            "type": "Feature",
            "properties": {
                "row": "H",
                "seat": "25"
            },
            "geometry": {
                "type": "Point",
                "coordinates": [
                    10.01449179000,
                    53.55382852000
                ]
            }
        },
        {
            "type": "Feature",
            "properties": {
                "seat": "4",
                "row": "J"
            },
            "geometry": {
                "type": "Point",
                "coordinates": [
                    10.01435564000,
                    53.55391931000
                ]
            }
        },
        {
            "type": "Feature",
            "properties": {
                "row": "J",
                "seat": "25"
            },
            "geometry": {
                "type": "Point",
                "coordinates": [
                    10.01451255000,
                    53.55383421000
                ]
            }
        },
        {
            "type": "Feature",
            "properties": {
                "seat": "21",
                "row": "E"
            },
            "geometry": {
                "type": "Point",
                "coordinates": [
                    10.01440422000,
                    53.55382311000
                ]
            }
        },
        {
            "type": "Feature",
            "properties": {
                "indoor": "door"
            },
            "geometry": {
                "type": "LineString",
                "coordinates": [
                    [
                        10.01440957000,
                        53.55405457000
                    ],
                    [
                        10.01441766000,
                        53.55405983000
                    ]
                ]
            }
        },
        {
            "type": "Feature",
            "properties": {
                "row": "F",
                "seat": "13"
            },
            "geometry": {
                "type": "Point",
                "coordinates": [
                    10.01436069000,
                    53.55386218000
                ]
            }
        },
        {
            "type": "Feature",
            "properties": {
                "row": "B",
                "seat": "11"
            },
            "geometry": {
                "type": "Point",
                "coordinates": [
                    10.01428087000,
                    53.55382104000
                ]
            }
        },
        {
            "type": "Feature",
            "properties": {
                "row": "D",
                "seat": "11"
            },
            "geometry": {
                "type": "Point",
                "coordinates": [
                    10.01432979000,
                    53.55383345000
                ]
            }
        },
        {
            "type": "Feature",
            "properties": {
                "seat": "21",
                "row": "G"
            },
            "geometry": {
                "type": "Point",
                "coordinates": [
                    10.01445087000,
                    53.55383026000
                ]
            }
        },
        {
            "type": "Feature",
            "properties": {
                "row": "K",
                "seat": "12"
            },
            "geometry": {
                "type": "Point",
                "coordinates": [
                    10.01441398000,
                    53.55389569000
                ]
            }
        },
        {
            "type": "Feature",
            "properties": {
                "seat": "5",
                "row": "C"
            },
            "geometry": {
                "type": "Point",
                "coordinates": [
                    10.01425734000,
                    53.55386073000
                ]
            }
        },
        {
            "type": "Feature",
            "properties": {
                "seat": "4",
                "row": "C"
            },
            "geometry": {
                "type": "Point",
                "coordinates": [
                    10.01424974000,
                    53.55386667000
                ]
            }
        },
        {
            "type": "Feature",
            "properties": {
                "row": "B",
                "seat": "23"
            },
            "geometry": {
                "type": "Point",
                "coordinates": [
                    10.01440429000,
                    53.55375922000
                ]
            }
        },
        {
            "type": "Feature",
            "properties": {
                "row": "E",
                "seat": "11"
            },
            "geometry": {
                "type": "Point",
                "coordinates": [
                    10.01433534000,
                    53.55386161000
                ]
            }
        },
        {
            "type": "Feature",
            "properties": {
                "row": "N",
                "seat": "3"
            },
            "geometry": {
                "type": "Point",
                "coordinates": [
                    10.01441874000,
                    53.55394381000
                ]
            }
        },
        {
            "type": "Feature",
            "properties": {
                "indoor": "double_door"
            },
            "geometry": {
                "type": "LineString",
                "coordinates": [
                    [
                        10.01458743000,
                        53.55385705000
                    ],
                    [
                        10.01456930000,
                        53.55384272000
                    ]
                ]
            }
        },
        {
            "type": "Feature",
            "properties": {
                "row": "J",
                "seat": "1"
            },
            "geometry": {
                "type": "Point",
                "coordinates": [
                    10.01433848000,
                    53.55393372000
                ]
            }
        },
        {
            "type": "Feature",
            "properties": {
                "seat": "9",
                "row": "B"
            },
            "geometry": {
                "type": "Point",
                "coordinates": [
                    10.01426449000,
                    53.55383194000
                ]
            }
        },
        {
            "type": "Feature",
            "properties": {
                "row": "L",
                "seat": "19"
            },
            "geometry": {
                "type": "Point",
                "coordinates": [
                    10.01449761000,
                    53.55386711000
                ]
            }
        },
        {
            "type": "Feature",
            "properties": {
                "row": "K",
                "seat": "21"
            },
            "geometry": {
                "type": "Point",
                "coordinates": [
                    10.01449322000,
                    53.55385561000
                ]
            }
        },
        {
            "type": "Feature",
            "properties": {
                "indoor": "double_door"
            },
            "geometry": {
                "type": "LineString",
                "coordinates": [
                    [
                        10.01425167000,
                        53.55391826000
                    ],
                    [
                        10.01426922000,
                        53.55392640000
                    ]
                ]
            }
        },
        {
            "type": "Feature",
            "properties": {
                "seat": "19",
                "row": "D"
            },
            "geometry": {
                "type": "Point",
                "coordinates": [
                    10.01441552000,
                    53.55379047000
                ]
            }
        },
        {
            "type": "Feature",
            "properties": {
                "seat": "15",
                "row": "A"
            },
            "geometry": {
                "type": "Point",
                "coordinates": [
                    10.01428758000,
                    53.55379462000
                ]
            }
        },
        {
            "type": "Feature",
            "properties": {
                "row": "E",
                "seat": "23"
            },
            "geometry": {
                "type": "Point",
                "coordinates": [
                    10.01443430000,
                    53.55380941000
                ]
            }
        },
        {
            "type": "Feature",
            "properties": {
                "row": "G",
                "seat": "3"
            },
            "geometry": {
                "type": "Point",
                "coordinates": [
                    10.01431825000,
                    53.55390952000
                ]
            }
        },
        {
            "type": "Feature",
            "properties": {
                "seat": "18",
                "row": "K"
            },
            "geometry": {
                "type": "Point",
                "coordinates": [
                    10.01445515000,
                    53.55387290000
                ]
            }
        },
        {
            "type": "Feature",
            "properties": {
                "indoor": "wall"
            },
            "geometry": {
                "type": "LineString",
                "coordinates": [
                    [
                        10.01420943000,
                        53.55406701000
                    ],
                    [
                        10.01422031000,
                        53.55405851000
                    ],
                    [
                        10.01423397000,
                        53.55405657000
                    ]
                ]
            }
        },
        {
            "type": "Feature",
            "properties": {
                "seat": "17",
                "row": "E"
            },
            "geometry": {
                "type": "Point",
                "coordinates": [
                    10.01437584000,
                    53.55383765000
                ]
            }
        },
        {
            "type": "Feature",
            "properties": {
                "row": "B",
                "seat": "1"
            },
            "geometry": {
                "type": "Point",
                "coordinates": [
                    10.01421080000,
                    53.55387444000
                ]
            }
        },
        {
            "type": "Feature",
            "properties": {
                "seat": "3",
                "row": "D"
            },
            "geometry": {
                "type": "Point",
                "coordinates": [
                    10.01426930000,
                    53.55387484000
                ]
            }
        },
        {
            "type": "Feature",
            "properties": {
                "seat": "26",
                "row": "E"
            },
            "geometry": {
                "type": "Point",
                "coordinates": [
                    10.01445735000,
                    53.55379995000
                ]
            }
        },
        {
            "type": "Feature",
            "properties": {
                "row": "J",
                "seat": "23"
            },
            "geometry": {
                "type": "Point",
                "coordinates": [
                    10.01449776000,
                    53.55383980000
                ]
            }
        },
        {
            "type": "Feature",
            "properties": {
                "row": "E",
                "seat": "12"
            },
            "geometry": {
                "type": "Point",
                "coordinates": [
                    10.01434151000,
                    53.55385768000
                ]
            }
        },
        {
            "type": "Feature",
            "properties": {
                "indoor": "wall"
            },
            "geometry": {
                "type": "LineString",
                "coordinates": [
                    [
                        10.01433428000,
                        53.55410955000
                    ],
                    [
                        10.01432203000,
                        53.55411911000
                    ],
                    [
                        10.01429219000,
                        53.55410562000
                    ],
                    [
                        10.01428532000,
                        53.55411098000
                    ]
                ]
            }
        },
        {
            "type": "Feature",
            "properties": {
                "row": "K",
                "seat": "24"
            },
            "geometry": {
                "type": "Point",
                "coordinates": [
                    10.01451603000,
                    53.55384669000
                ]
            }
        },
        {
            "type": "Feature",
            "properties": {
                "row": "F",
                "seat": "23"
            },
            "geometry": {
                "type": "Point",
                "coordinates": [
                    10.01444624000,
                    53.55381838000
                ]
            }
        },
        {
            "type": "Feature",
            "properties": {
                "seat": "14",
                "row": "D"
            },
            "geometry": {
                "type": "Point",
                "coordinates": [
                    10.01435317000,
                    53.55382024000
                ]
            }
        },
        {
            "type": "Feature",
            "properties": {
                "row": "D",
                "seat": "12"
            },
            "geometry": {
                "type": "Point",
                "coordinates": [
                    10.01433663000,
                    53.55382945000
                ]
            }
        },
        {
            "type": "Feature",
            "properties": {
                "seat": "4",
                "row": "A"
            },
            "geometry": {
                "type": "Point",
                "coordinates": [
                    10.01420315000,
                    53.55385255000
                ]
            }
        },
        {
            "type": "Feature",
            "properties": {
                "row": "K",
                "rating": "7.0",
                "seat": "14"
            },
            "geometry": {
                "type": "Point",
                "coordinates": [
                    10.01442740000,
                    53.55388773000
                ]
            }
        },
        {
            "type": "Feature",
            "properties": {
                "seat": "5",
                "row": "J"
            },
            "geometry": {
                "type": "Point",
                "coordinates": [
                    10.01436007000,
                    53.55391583000
                ]
            }
        },
        {
            "type": "Feature",
            "properties": {
                "indoor": "door"
            },
            "geometry": {
                "type": "LineString",
                "coordinates": [
                    [
                        10.01428532000,
                        53.55411098000
                    ],
                    [
                        10.01427671000,
                        53.55411770000
                    ]
                ]
            }
        },
        {
            "type": "Feature",
            "properties": {
                "row": "L",
                "seat": "12"
            },
            "geometry": {
                "type": "Point",
                "coordinates": [
                    10.01443219000,
                    53.55390026000
                ]
            }
        },
        {
            "type": "Feature",
            "properties": {
                "seat": "26",
                "row": "F"
            },
            "geometry": {
                "type": "Point",
                "coordinates": [
                    10.01446929000,
                    53.55380892000
                ]
            }
        },
        {
            "type": "Feature",
            "properties": {
                "seat": "21",
                "row": "B"
            },
            "geometry": {
                "type": "Point",
                "coordinates": [
                    10.01438484000,
                    53.55376702000
                ]
            }
        },
        {
            "type": "Feature",
            "properties": {
                "seat": "4",
                "row": "L"
            },
            "geometry": {
                "type": "Point",
                "coordinates": [
                    10.01438350000,
                    53.55393334000
                ]
            }
        },
        {
            "type": "Feature",
            "properties": {
                "row": "M",
                "seat": "16"
            },
            "geometry": {
                "type": "Point",
                "coordinates": [
                    10.01447722000,
                    53.55389009000
                ]
            }
        },
        {
            "type": "Feature",
            "properties": {
                "seat": "6",
                "row": "G"
            },
            "geometry": {
                "type": "Point",
                "coordinates": [
                    10.01433507000,
                    53.55389659000
                ]
            }
        },
        {
            "type": "Feature",
            "properties": {
                "seat": "17",
                "row": "G"
            },
            "geometry": {
                "type": "Point",
                "coordinates": [
                    10.01440600000,
                    53.55385219000
                ]
            }
        },
        {
            "type": "Feature",
            "properties": {
                "row": "C",
                "seat": "11"
            },
            "geometry": {
                "type": "Point",
                "coordinates": [
                    10.01429953000,
                    53.55383141000
                ]
            }
        },
        {
            "type": "Feature",
            "properties": {
                "seat": "9",
                "row": "G"
            },
            "geometry": {
                "type": "Point",
                "coordinates": [
                    10.01435372000,
                    53.55388347000
                ]
            }
        },
        {
            "type": "Feature",
            "properties": {
                "row": "N",
                "seat": "15"
            },
            "geometry": {
                "type": "Point",
                "coordinates": [
                    10.01451953000,
                    53.55388610000
                ]
            }
        },
        {
            "type": "Feature",
            "properties": {
                "indoor": "wall"
            },
            "geometry": {
                "type": "LineString",
                "coordinates": [
                    [
                        10.01416512000,
                        53.55414804000
                    ],
                    [
                        10.01416332000,
                        53.55414723000
                    ]
                ]
            }
        },
        {
            "type": "Feature",
            "properties": {
                "seat": "27",
                "row": "F"
            },
            "geometry": {
                "type": "Point",
                "coordinates": [
                    10.01447843000,
                    53.55380541000
                ]
            }
        },
        {
            "type": "Feature",
            "properties": {
                "seat": "21",
                "row": "A"
            },
            "geometry": {
                "type": "Point",
                "coordinates": [
                    10.01433869000,
                    53.55376813000
                ]
            }
        },
        {
            "type": "Feature",
            "properties": {
                "row": "A",
                "seat": "13"
            },
            "geometry": {
                "type": "Point",
                "coordinates": [
                    10.01426877000,
                    53.55380578000
                ]
            }
        },
        {
            "type": "Feature",
            "properties": {
                "seat": "17",
                "row": "C"
            },
            "geometry": {
                "type": "Point",
                "coordinates": [
                    10.01435165000,
                    53.55380181000
                ]
            }
        },
        {
            "type": "Feature",
            "properties": {
                "indoor": "wall"
            },
            "geometry": {
                "type": "LineString",
                "coordinates": [
                    [
                        10.01441766000,
                        53.55405983000
                    ],
                    [
                        10.01443421000,
                        53.55407060000
                    ]
                ]
            }
        },
        {
            "type": "Feature",
            "properties": {
                "seat": "25",
                "row": "A"
            },
            "geometry": {
                "type": "Point",
                "coordinates": [
                    10.01437698000,
                    53.55375136000
                ]
            }
        },
        {
            "type": "Feature",
            "properties": {
                "row": "L",
                "seat": "21"
            },
            "geometry": {
                "type": "Point",
                "coordinates": [
                    10.01451066000,
                    53.55386168000
                ]
            }
        },
        {
            "type": "Feature",
            "properties": {
                "seat": "19",
                "row": "B"
            },
            "geometry": {
                "type": "Point",
                "coordinates": [
                    10.01435155000,
                    53.55378189000
                ]
            }
        },
        {
            "type": "Feature",
            "properties": {
                "indoor": "wall"
            },
            "geometry": {
                "type": "LineString",
                "coordinates": [
                    [
                        10.01437769000,
                        53.55411447000
                    ],
                    [
                        10.01433174000,
                        53.55415015000
                    ],
                    [
                        10.01430041000,
                        53.55413598000
                    ]
                ]
            }
        },
        {
            "type": "Feature",
            "properties": {
                "seat": "26",
                "row": "A"
            },
            "geometry": {
                "type": "Point",
                "coordinates": [
                    10.01438804000,
                    53.55374693000
                ]
            }
        },
        {
            "type": "Feature",
            "properties": {
                "row": "B",
                "seat": "13"
            },
            "geometry": {
                "type": "Point",
                "coordinates": [
                    10.01429878000,
                    53.55381005000
                ]
            }
        },
        {
            "type": "Feature",
            "properties": {
                "seat": "8",
                "row": "H"
            },
            "geometry": {
                "type": "Point",
                "coordinates": [
                    10.01435991000,
                    53.55389778000
                ]
            }
        },
        {
            "type": "Feature",
            "properties": null,
            "geometry": {
                "type": "LineString",
                "coordinates": [
                    [
                        10.01443499917,
                        53.55398510803
                    ],
                    [
                        10.01459021043,
                        53.55388195638
                    ]
                ]
            }
        },
        {
            "type": "Feature",
            "properties": {
                "seat": "10",
                "row": "C"
            },
            "geometry": {
                "type": "Point",
                "coordinates": [
                    10.01429298000,
                    53.55383560000
                ]
            }
        },
        {
            "type": "Feature",
            "properties": {
                "indoor": "wall"
            },
            "geometry": {
                "type": "LineString",
                "coordinates": [
                    [
                        10.01443499917,
                        53.55398510803
                    ],
                    [
                        10.01440960325,
                        53.55399153772
                    ]
                ]
            }
        },
        {
            "type": "Feature",
            "properties": {
                "seat": "8",
                "row": "F"
            },
            "geometry": {
                "type": "Point",
                "coordinates": [
                    10.01432955000,
                    53.55388250000
                ]
            }
        },
        {
            "type": "Feature",
            "properties": {
                "seat": "8",
                "row": "G"
            },
            "geometry": {
                "type": "Point",
                "coordinates": [
                    10.01434729000,
                    53.55388786000
                ]
            }
        },
        {
            "type": "Feature",
            "properties": {
                "row": "J",
                "seat": "12"
            },
            "geometry": {
                "type": "Point",
                "coordinates": [
                    10.01440268000,
                    53.55388652000
                ]
            }
        },
        {
            "type": "Feature",
            "properties": {
                "row": "L",
                "seat": "24"
            },
            "geometry": {
                "type": "Point",
                "coordinates": [
                    10.01453552000,
                    53.55385225000
                ]
            }
        },
        {
            "type": "Feature",
            "properties": {
                "row": "G",
                "seat": "23"
            },
            "geometry": {
                "type": "Point",
                "coordinates": [
                    10.01446492000,
                    53.55382421000
                ]
            }
        },
        {
            "type": "Feature",
            "properties": {
                "seat": "20",
                "row": "A"
            },
            "geometry": {
                "type": "Point",
                "coordinates": [
                    10.01432910000,
                    53.55377272000
                ]
            }
        },
        {
            "type": "Feature",
            "properties": {
                "row": "K",
                "seat": "8"
            },
            "geometry": {
                "type": "Point",
                "coordinates": [
                    10.01438946000,
                    53.55391162000
                ]
            }
        },
        {
            "type": "Feature",
            "properties": {
                "row": "F",
                "seat": "10"
            },
            "geometry": {
                "type": "Point",
                "coordinates": [
                    10.01434192000,
                    53.55387408000
                ]
            }
        },
        {
            "type": "Feature",
            "properties": {
                "indoor": "wall"
            },
            "geometry": {
                "type": "LineString",
                "coordinates": [
                    [
                        10.01459833787,
                        53.55386568583
                    ],
                    [
                        10.01459021043,
                        53.55388195638
                    ]
                ]
            }
        },
        {
            "type": "Feature",
            "properties": {
                "seat": "5",
                "row": "B"
            },
            "geometry": {
                "type": "Point",
                "coordinates": [
                    10.01423412000,
                    53.55385451000
                ]
            }
        },
        {
            "type": "Feature",
            "properties": {
                "seat": "16",
                "row": "A"
            },
            "geometry": {
                "type": "Point",
                "coordinates": [
                    10.01429631000,
                    53.55378972000
                ]
            }
        },
        {
            "type": "Feature",
            "properties": {
                "seat": "18",
                "row": "M"
            },
            "geometry": {
                "type": "Point",
                "coordinates": [
                    10.01450803000,
                    53.55387590000
                ]
            }
        },
        {
            "type": "Feature",
            "properties": {
                "indoor": "double_door"
            },
            "geometry": {
                "type": "LineString",
                "coordinates": [
                    [
                        10.01433731000,
                        53.55395801000
                    ],
                    [
                        10.01435965000,
                        53.55396836000
                    ]
                ]
            }
        },
        {
            "type": "Feature",
            "properties": {
                "seat": "4",
                "row": "F"
            },
            "geometry": {
                "type": "Point",
                "coordinates": [
                    10.01430603000,
                    53.55389996000
                ]
            }
        },
        {
            "type": "Feature",
            "properties": {
                "seat": "6",
                "row": "D"
            },
            "geometry": {
                "type": "Point",
                "coordinates": [
                    10.01428985000,
                    53.55385942000
                ]
            }
        },
        {
            "type": "Feature",
            "properties": {
                "seat": "16",
                "row": "F"
            },
            "geometry": {
                "type": "Point",
                "coordinates": [
                    10.01438056000,
                    53.55385060000
                ]
            }
        },
        {
            "type": "Feature",
            "properties": {
                "seat": "21",
                "row": "C"
            },
            "geometry": {
                "type": "Point",
                "coordinates": [
                    10.01440067000,
                    53.55377904000
                ]
            }
        },
        {
            "type": "Feature",
            "properties": {
                "seat": "19",
                "row": "E"
            },
            "geometry": {
                "type": "Point",
                "coordinates": [
                    10.01438922000,
                    53.55383059000
                ]
            }
        },
        {
            "type": "Feature",
            "properties": {
                "seat": "5",
                "row": "L"
            },
            "geometry": {
                "type": "Point",
                "coordinates": [
                    10.01438983000,
                    53.55392851000
                ]
            }
        },
        {
            "type": "Feature",
            "properties": {
                "seat": "18",
                "row": "D"
            },
            "geometry": {
                "type": "Point",
                "coordinates": [
                    10.01440573000,
                    53.55379477000
                ]
            }
        },
        {
            "type": "Feature",
            "properties": {
                "row": "M",
                "seat": "20"
            },
            "geometry": {
                "type": "Point",
                "coordinates": [
                    10.01452354000,
                    53.55386953000
                ]
            }
        },
        {
            "type": "Feature",
            "properties": {
                "seat": "7",
                "row": "K"
            },
            "geometry": {
                "type": "Point",
                "coordinates": [
                    10.01438317000,
                    53.55391609000
                ]
            }
        },
        {
            "type": "Feature",
            "properties": {
                "row": "M",
                "seat": "12"
            },
            "geometry": {
                "type": "Point",
                "coordinates": [
                    10.01444850000,
                    53.55390546000
                ]
            }
        },
        {
            "type": "Feature",
            "properties": {
                "seat": "15",
                "row": "L"
            },
            "geometry": {
                "type": "Point",
                "coordinates": [
                    10.01445334000,
                    53.55388830000
                ]
            }
        },
        {
            "type": "Feature",
            "properties": {
                "seat": "19",
                "row": "A"
            },
            "geometry": {
                "type": "Point",
                "coordinates": [
                    10.01432043000,
                    53.55377701000
                ]
            }
        },
        {
            "type": "Feature",
            "properties": {
                "row": "G",
                "seat": "12"
            },
            "geometry": {
                "type": "Point",
                "coordinates": [
                    10.01437233000,
                    53.55387150000
                ]
            }
        },
        {
            "type": "Feature",
            "properties": {
                "seat": "2",
                "row": "C"
            },
            "geometry": {
                "type": "Point",
                "coordinates": [
                    10.01423559000,
                    53.55387837000
                ]
            }
        },
        {
            "type": "Feature",
            "properties": {
                "seat": "10",
                "row": "H"
            },
            "geometry": {
                "type": "Point",
                "coordinates": [
                    10.01437164000,
                    53.55388986000
                ]
            }
        },
        {
            "type": "Feature",
            "properties": {
                "seat": "16",
                "row": "D"
            },
            "geometry": {
                "type": "Point",
                "coordinates": [
                    10.01437103000,
                    53.55381097000
                ]
            }
        },
        {
            "type": "Feature",
            "properties": {
                "row": "M",
                "seat": "17"
            },
            "geometry": {
                "type": "Point",
                "coordinates": [
                    10.01448447000,
                    53.55388655000
                ]
            }
        },
        {
            "type": "Feature",
            "properties": {
                "indoor": "wall"
            },
            "geometry": {
                "type": "LineString",
                "coordinates": [
                    [
                        10.01433163000,
                        53.55399826000
                    ],
                    [
                        10.01433312000,
                        53.55399308000
                    ],
                    [
                        10.01434221000,
                        53.55398590000
                    ]
                ]
            }
        },
        {
            "type": "Feature",
            "properties": {
                "row": "J",
                "seat": "22"
            },
            "geometry": {
                "type": "Point",
                "coordinates": [
                    10.01448973000,
                    53.55384299000
                ]
            }
        },
        {
            "type": "Feature",
            "properties": {
                "rating": "10",
                "row": "G",
                "seat": "13"
            },
            "geometry": {
                "type": "Point",
                "coordinates": [
                    10.01437854000,
                    53.55386772000
                ]
            }
        },
        {
            "type": "Feature",
            "properties": {
                "seat": "18",
                "row": "A"
            },
            "geometry": {
                "type": "Point",
                "coordinates": [
                    10.01431155000,
                    53.55378156000
                ]
            }
        },
        {
            "type": "Feature",
            "properties": {
                "indoor": "double_door"
            },
            "geometry": {
                "type": "LineString",
                "coordinates": [
                    [
                        10.01416332000,
                        53.55414723000
                    ],
                    [
                        10.01414284000,
                        53.55413792000
                    ]
                ]
            }
        },
        {
            "type": "Feature",
            "properties": {
                "seat": "4",
                "row": "K"
            },
            "geometry": {
                "type": "Point",
                "coordinates": [
                    10.01436686000,
                    53.55392846000
                ]
            }
        },
        {
            "type": "Feature",
            "properties": {
                "seat": "8",
                "row": "A"
            },
            "geometry": {
                "type": "Point",
                "coordinates": [
                    10.01422966000,
                    53.55383196000
                ]
            }
        },
        {
            "type": "Feature",
            "properties": {
                "row": "H",
                "seat": "14"
            },
            "geometry": {
                "type": "Point",
                "coordinates": [
                    10.01439736000,
                    53.55387394000
                ]
            }
        },
        {
            "type": "Feature",
            "properties": {
                "row": "L",
                "seat": "23"
            },
            "geometry": {
                "type": "Point",
                "coordinates": [
                    10.01452705000,
                    53.55385533000
                ]
            }
        },
        {
            "type": "Feature",
            "properties": {
                "seat": "10",
                "row": "A"
            },
            "geometry": {
                "type": "Point",
                "coordinates": [
                    10.01424477000,
                    53.55382131000
                ]
            }
        },
        {
            "type": "Feature",
            "properties": {
                "row": "E",
                "seat": "1"
            },
            "geometry": {
                "type": "Point",
                "coordinates": [
                    10.01427745000,
                    53.55390470000
                ]
            }
        },
        {
            "type": "Feature",
            "properties": {
                "row": "L",
                "seat": "3"
            },
            "geometry": {
                "type": "Point",
                "coordinates": [
                    10.01437907000,
                    53.55393682000
                ]
            }
        },
        {
            "type": "Feature",
            "properties": {
                "row": "C",
                "seat": "22"
            },
            "geometry": {
                "type": "Point",
                "coordinates": [
                    10.01441074000,
                    53.55377486000
                ]
            }
        },
        {
            "type": "Feature",
            "properties": {
                "row": "K",
                "seat": "23"
            },
            "geometry": {
                "type": "Point",
                "coordinates": [
                    10.01450799000,
                    53.55384972000
                ]
            }
        },
        {
            "type": "Feature",
            "properties": {
                "row": "K",
                "seat": "20"
            },
            "geometry": {
                "type": "Point",
                "coordinates": [
                    10.01448557000,
                    53.55385884000
                ]
            }
        },
        {
            "type": "Feature",
            "properties": {
                "seat": "18",
                "row": "F"
            },
            "geometry": {
                "type": "Point",
                "coordinates": [
                    10.01439456000,
                    53.55384299000
                ]
            }
        },
        {
            "type": "Feature",
            "properties": {
                "seat": "7",
                "row": "B"
            },
            "geometry": {
                "type": "Point",
                "coordinates": [
                    10.01424862000,
                    53.55384331000
                ]
            }
        },
        {
            "type": "Feature",
            "properties": {
                "row": "L",
                "seat": "9"
            },
            "geometry": {
                "type": "Point",
                "coordinates": [
                    10.01441283000,
                    53.55391238000
                ]
            }
        },
        {
            "type": "Feature",
            "properties": {
                "seat": "20",
                "row": "C"
            },
            "geometry": {
                "type": "Point",
                "coordinates": [
                    10.01439129000,
                    53.55378307000
                ]
            }
        },
        {
            "type": "Feature",
            "properties": {
                "seat": "9",
                "row": "C"
            },
            "geometry": {
                "type": "Point",
                "coordinates": [
                    10.01428528000,
                    53.55384069000
                ]
            }
        },
        {
            "type": "Feature",
            "properties": {
                "row": "N",
                "seat": "4"
            },
            "geometry": {
                "type": "Point",
                "coordinates": [
                    10.01442376000,
                    53.55393993000
                ]
            }
        },
        {
            "type": "Feature",
            "properties": {
                "seat": "8",
                "row": "D"
            },
            "geometry": {
                "type": "Point",
                "coordinates": [
                    10.01430469000,
                    53.55384922000
                ]
            }
        },
        {
            "type": "Feature",
            "properties": {
                "row": "D",
                "seat": "1"
            },
            "geometry": {
                "type": "Point",
                "coordinates": [
                    10.01425587000,
                    53.55388584000
                ]
            }
        },
        {
            "type": "Feature",
            "properties": {
                "row": "A",
                "seat": "24"
            },
            "geometry": {
                "type": "Point",
                "coordinates": [
                    10.01436706000,
                    53.55375548000
                ]
            }
        },
        {
            "type": "Feature",
            "properties": {
                "row": "A",
                "seat": "23"
            },
            "geometry": {
                "type": "Point",
                "coordinates": [
                    10.01435847000,
                    53.55375917000
                ]
            }
        },
        {
            "type": "Feature",
            "properties": {
                "row": "N",
                "seat": "14"
            },
            "geometry": {
                "type": "Point",
                "coordinates": [
                    10.01449688000,
                    53.55389616000
                ]
            }
        },
        {
            "type": "Feature",
            "properties": {
                "row": "N",
                "seat": "8"
            },
            "geometry": {
                "type": "Point",
                "coordinates": [
                    10.01445089000,
                    53.55392125000
                ]
            }
        },
        {
            "type": "Feature",
            "properties": {
                "seat": "7",
                "row": "M"
            },
            "geometry": {
                "type": "Point",
                "coordinates": [
                    10.01441735000,
                    53.55392513000
                ]
            }
        },
        {
            "type": "Feature",
            "properties": {
                "row": "M",
                "seat": "4"
            },
            "geometry": {
                "type": "Point",
                "coordinates": [
                    10.01439983000,
                    53.55393812000
                ]
            }
        },
        {
            "type": "Feature",
            "properties": {
                "row": "J",
                "seat": "10"
            },
            "geometry": {
                "type": "Point",
                "coordinates": [
                    10.01438946000,
                    53.55389490000
                ]
            }
        },
        {
            "type": "Feature",
            "properties": {
                "seat": "16",
                "row": "C"
            },
            "geometry": {
                "type": "Point",
                "coordinates": [
                    10.01434182000,
                    53.55380693000
                ]
            }
        },
        {
            "type": "Feature",
            "properties": {
                "row": "E",
                "seat": "20"
            },
            "geometry": {
                "type": "Point",
                "coordinates": [
                    10.01439648000,
                    53.55382692000
                ]
            }
        },
        {
            "type": "Feature",
            "properties": {
                "seat": "7",
                "row": "H"
            },
            "geometry": {
                "type": "Point",
                "coordinates": [
                    10.01435423000,
                    53.55390178000
                ]
            }
        },
        {
            "type": "Feature",
            "properties": {
                "row": "N",
                "seat": "13"
            },
            "geometry": {
                "type": "Point",
                "coordinates": [
                    10.01448822000,
                    53.55390036000
                ]
            }
        },
        {
            "type": "Feature",
            "properties": {
                "indoor": "double_door"
            },
            "geometry": {
                "type": "LineString",
                "coordinates": [
                    [
                        10.01420845000,
                        53.55416774000
                    ],
                    [
                        10.01418797000,
                        53.55415843000
                    ]
                ]
            }
        },
        {
            "type": "Feature",
            "properties": {
                "row": "J",
                "seat": "9"
            },
            "geometry": {
                "type": "Point",
                "coordinates": [
                    10.01438344000,
                    53.55389891000
                ]
            }
        },
        {
            "type": "Feature",
            "properties": {
                "seat": "7",
                "row": "C"
            },
            "geometry": {
                "type": "Point",
                "coordinates": [
                    10.01427055000,
                    53.55385093000
                ]
            }
        },
        {
            "type": "Feature",
            "properties": {
                "indoor": "wall"
            },
            "geometry": {
                "type": "LineString",
                "coordinates": [
                    [
                        10.01426473000,
                        53.55405403000
                    ],
                    [
                        10.01425618000,
                        53.55403705000
                    ],
                    [
                        10.01422851000,
                        53.55402504000
                    ]
                ]
            }
        },
        {
            "type": "Feature",
            "properties": {
                "row": "K",
                "seat": "11"
            },
            "geometry": {
                "type": "Point",
                "coordinates": [
                    10.01440785000,
                    53.55389952000
                ]
            }
        },
        {
            "type": "Feature",
            "properties": {
                "row": "M",
                "seat": "3"
            },
            "geometry": {
                "type": "Point",
                "coordinates": [
                    10.01439379000,
                    53.55394298000
                ]
            }
        },
        {
            "type": "Feature",
            "properties": {
                "row": "M",
                "seat": "14"
            },
            "geometry": {
                "type": "Point",
                "coordinates": [
                    10.01446281000,
                    53.55389752000
                ]
            }
        },
        {
            "type": "Feature",
            "properties": {
                "row": "M",
                "seat": "19"
            },
            "geometry": {
                "type": "Point",
                "coordinates": [
                    10.01451551000,
                    53.55387277000
                ]
            }
        },
        {
            "type": "Feature",
            "properties": {
                "row": "B",
                "seat": "14"
            },
            "geometry": {
                "type": "Point",
                "coordinates": [
                    10.01430596000,
                    53.55380584000
                ]
            }
        },
        {
            "type": "Feature",
            "properties": {
                "seat": "17",
                "row": "A"
            },
            "geometry": {
                "type": "Point",
                "coordinates": [
                    10.01430427000,
                    53.55378540000
                ]
            }
        },
        {
            "type": "Feature",
            "properties": {
                "row": "F",
                "seat": "2"
            },
            "geometry": {
                "type": "Point",
                "coordinates": [
                    10.01429463000,
                    53.55390921000
                ]
            }
        },
        {
            "type": "Feature",
            "properties": {
                "row": "L",
                "seat": "1"
            },
            "geometry": {
                "type": "Point",
                "coordinates": [
                    10.01436787000,
                    53.55394609000
                ]
            }
        },
        {
            "type": "Feature",
            "properties": {
                "seat": "17",
                "row": "B"
            },
            "geometry": {
                "type": "Point",
                "coordinates": [
                    10.01433211000,
                    53.55379155000
                ]
            }
        },
        {
            "type": "Feature",
            "properties": {
                "indoor": "wall"
            },
            "geometry": {
                "type": "LineString",
                "coordinates": [
                    [
                        10.01418797000,
                        53.55415843000
                    ],
                    [
                        10.01418586000,
                        53.55415747000
                    ]
                ]
            }
        },
        {
            "type": "Feature",
            "properties": {
                "seat": "18",
                "row": "L"
            },
            "geometry": {
                "type": "Point",
                "coordinates": [
                    10.01447497000,
                    53.55387738000
                ]
            }
        },
        {
            "type": "Feature",
            "properties": {
                "seat": "15",
                "row": "G"
            },
            "geometry": {
                "type": "Point",
                "coordinates": [
                    10.01439207000,
                    53.55385984000
                ]
            }
        },
        {
            "type": "Feature",
            "properties": {
                "row": "K",
                "seat": "2"
            },
            "geometry": {
                "type": "Point",
                "coordinates": [
                    10.01435566000,
                    53.55393774000
                ]
            }
        },
        {
            "type": "Feature",
            "properties": {
                "row": "H",
                "seat": "1"
            },
            "geometry": {
                "type": "Point",
                "coordinates": [
                    10.01431982000,
                    53.55392874000
                ]
            }
        },
        {
            "type": "Feature",
            "properties": {
                "seat": "18",
                "row": "H"
            },
            "geometry": {
                "type": "Point",
                "coordinates": [
                    10.01442520000,
                    53.55385864000
                ]
            }
        },
        {
            "type": "Feature",
            "properties": {
                "indoor": "wall"
            },
            "geometry": {
                "type": "LineString",
                "coordinates": [
                    [
                        10.01414284000,
                        53.55413792000
                    ],
                    [
                        10.01413949000,
                        53.55413640000
                    ],
                    [
                        10.01422167000,
                        53.55407258000
                    ],
                    [
                        10.01420943000,
                        53.55406701000
                    ],
                    [
                        10.01418737000,
                        53.55405699000
                    ],
                    [
                        10.01422851000,
                        53.55402504000
                    ],
                    [
                        10.01428012000,
                        53.55398497000
                    ],
                    [
                        10.01428920000,
                        53.55398732000
                    ]
                ]
            }
        },
        {
            "type": "Feature",
            "properties": {
                "row": "M",
                "seat": "10"
            },
            "geometry": {
                "type": "Point",
                "coordinates": [
                    10.01443659000,
                    53.55391255000
                ]
            }
        },
        {
            "type": "Feature",
            "properties": {
                "row": "G",
                "seat": "1"
            },
            "geometry": {
                "type": "Point",
                "coordinates": [
                    10.01430711000,
                    53.55391877000
                ]
            }
        },
        {
            "type": "Feature",
            "properties": {
                "seat": "7",
                "row": "A"
            },
            "geometry": {
                "type": "Point",
                "coordinates": [
                    10.01422222000,
                    53.55383748000
                ]
            }
        },
        {
            "type": "Feature",
            "properties": {
                "row": "E",
                "seat": "13"
            },
            "geometry": {
                "type": "Point",
                "coordinates": [
                    10.01434875000,
                    53.55385321000
                ]
            }
        },
        {
            "type": "Feature",
            "properties": {
                "seat": "26",
                "row": "G"
            },
            "geometry": {
                "type": "Point",
                "coordinates": [
                    10.01448962000,
                    53.55381437000
                ]
            }
        },
        {
            "type": "Feature",
            "properties": {
                "row": "E",
                "seat": "3"
            },
            "geometry": {
                "type": "Point",
                "coordinates": [
                    10.01428807000,
                    53.55389581000
                ]
            }
        },
        {
            "type": "Feature",
            "properties": {
                "row": "E",
                "seat": "24"
            },
            "geometry": {
                "type": "Point",
                "coordinates": [
                    10.01444178000,
                    53.55380625000
                ]
            }
        },
        {
            "type": "Feature",
            "properties": {
                "row": "M",
                "seat": "24"
            },
            "geometry": {
                "type": "Point",
                "coordinates": [
                    10.01455345000,
                    53.55385856000
                ]
            }
        },
        {
            "type": "Feature",
            "properties": {
                "seat": "4",
                "row": "D"
            },
            "geometry": {
                "type": "Point",
                "coordinates": [
                    10.01427509000,
                    53.55387033000
                ]
            }
        },
        {
            "type": "Feature",
            "properties": {
                "row": "B",
                "seat": "3"
            },
            "geometry": {
                "type": "Point",
                "coordinates": [
                    10.01422142000,
                    53.55386504000
                ]
            }
        },
        {
            "type": "Feature",
            "properties": {
                "row": "J",
                "seat": "3"
            },
            "geometry": {
                "type": "Point",
                "coordinates": [
                    10.01434996000,
                    53.55392390000
                ]
            }
        },
        {
            "type": "Feature",
            "properties": {
                "seat": "15",
                "row": "D"
            },
            "geometry": {
                "type": "Point",
                "coordinates": [
                    10.01436419000,
                    53.55381444000
                ]
            }
        },
        {
            "type": "Feature",
            "properties": {
                "row": "M",
                "seat": "5"
            },
            "geometry": {
                "type": "Point",
                "coordinates": [
                    10.01440576000,
                    53.55393355000
                ]
            }
        },
        {
            "type": "Feature",
            "properties": {
                "row": "F",
                "seat": "24"
            },
            "geometry": {
                "type": "Point",
                "coordinates": [
                    10.01445372000,
                    53.55381522000
                ]
            }
        },
        {
            "type": "Feature",
            "properties": {
                "seat": "7",
                "row": "J"
            },
            "geometry": {
                "type": "Point",
                "coordinates": [
                    10.01437195000,
                    53.55390695000
                ]
            }
        },
        {
            "type": "Feature",
            "properties": {
                "row": "L",
                "seat": "10"
            },
            "geometry": {
                "type": "Point",
                "coordinates": [
                    10.01441991000,
                    53.55390781000
                ]
            }
        },
        {
            "type": "Feature",
            "properties": {
                "row": "B",
                "seat": "2"
            },
            "geometry": {
                "type": "Point",
                "coordinates": [
                    10.01421606000,
                    53.55386971000
                ]
            }
        },
        {
            "type": "Feature",
            "properties": {
                "row": "N",
                "seat": "18"
            },
            "geometry": {
                "type": "Point",
                "coordinates": [
                    10.01454870000,
                    53.55387497000
                ]
            }
        },
        {
            "type": "Feature",
            "properties": {
                "seat": "4",
                "row": "H"
            },
            "geometry": {
                "type": "Point",
                "coordinates": [
                    10.01433726000,
                    53.55391445000
                ]
            }
        },
        {
            "type": "Feature",
            "properties": {
                "row": "N",
                "seat": "11"
            },
            "geometry": {
                "type": "Point",
                "coordinates": [
                    10.01447322000,
                    53.55390819000
                ]
            }
        },
        {
            "type": "Feature",
            "properties": {
                "seat": "15",
                "row": "J"
            },
            "geometry": {
                "type": "Point",
                "coordinates": [
                    10.01442326000,
                    53.55387454000
                ]
            }
        },
        {
            "type": "Feature",
            "properties": {
                "seat": "5",
                "row": "K"
            },
            "geometry": {
                "type": "Point",
                "coordinates": [
                    10.01437129000,
                    53.55392498000
                ]
            }
        },
        {
            "type": "Feature",
            "properties": {
                "row": "E",
                "seat": "2"
            },
            "geometry": {
                "type": "Point",
                "coordinates": [
                    10.01428270000,
                    53.55390024000
                ]
            }
        },
        {
            "type": "Feature",
            "properties": {
                "row": "F",
                "seat": "22"
            },
            "geometry": {
                "type": "Point",
                "coordinates": [
                    10.01443965000,
                    53.55382124000
                ]
            }
        },
        {
            "type": "Feature",
            "properties": {
                "row": "H",
                "seat": "3"
            },
            "geometry": {
                "type": "Point",
                "coordinates": [
                    10.01433093000,
                    53.55391947000
                ]
            }
        },
        {
            "type": "Feature",
            "properties": {
                "seat": "21",
                "row": "H"
            },
            "geometry": {
                "type": "Point",
                "coordinates": [
                    10.01446261000,
                    53.55384071000
                ]
            }
        },
        {
            "type": "Feature",
            "properties": {
                "row": "N",
                "seat": "6"
            },
            "geometry": {
                "type": "Point",
                "coordinates": [
                    10.01443783000,
                    53.55392981000
                ]
            }
        },
        {
            "type": "Feature",
            "properties": {
                "row": "G",
                "seat": "2"
            },
            "geometry": {
                "type": "Point",
                "coordinates": [
                    10.01431250000,
                    53.55391422000
                ]
            }
        },
        {
            "type": "Feature",
            "properties": {
                "indoor": "wall"
            },
            "geometry": {
                "type": "LineString",
                "coordinates": [
                    [
                        10.01431509000,
                        53.55395816000
                    ],
                    [
                        10.01432347000,
                        53.55395160000
                    ],
                    [
                        10.01427232000,
                        53.55392785000
                    ],
                    [
                        10.01423981000,
                        53.55395325000
                    ]
                ]
            }
        },
        {
            "type": "Feature",
            "properties": {
                "row": "G",
                "seat": "25"
            },
            "geometry": {
                "type": "Point",
                "coordinates": [
                    10.01448048000,
                    53.55381789000
                ]
            }
        },
        {
            "type": "Feature",
            "properties": {
                "seat": "10",
                "row": "E"
            },
            "geometry": {
                "type": "Point",
                "coordinates": [
                    10.01432999000,
                    53.55386511000
                ]
            }
        },
        {
            "type": "Feature",
            "properties": null,
            "geometry": {
                "type": "LineString",
                "coordinates": [
                    [
                        10.01440960325,
                        53.55399153772
                    ],
                    [
                        10.01438109180,
                        53.55399694150
                    ],
                    [
                        10.01435182469,
                        53.55400065529
                    ],
                    [
                        10.01432208503,
                        53.55400264319
                    ],
                    [
                        10.01429216050,
                        53.55400288595
                    ],
                    [
                        10.01426234055,
                        53.55400138123
                    ],
                    [
                        10.01423291364,
                        53.55399814359
                    ],
                    [
                        10.01420416444,
                        53.55399320434
                    ],
                    [
                        10.01417637102,
                        53.55398661126
                    ],
                    [
                        10.01414980225,
                        53.55397842812
                    ],
                    [
                        10.01412471513,
                        53.55396873409
                    ],
                    [
                        10.01410135233,
                        53.55395762294
                    ],
                    [
                        10.01407993984,
                        53.55394520213
                    ],
                    [
                        10.01406068479,
                        53.55393159182
                    ],
                    [
                        10.01404377344,
                        53.55391692367
                    ],
                    [
                        10.01402936937,
                        53.55390133956
                    ],
                    [
                        10.01401761192,
                        53.55388499024
                    ],
                    [
                        10.01400861483,
                        53.55386803386
                    ],
                    [
                        10.01400246511,
                        53.55385063443
                    ],
                    [
                        10.01399922226,
                        53.55383296027
                    ],
                    [
                        10.01399891765,
                        53.55381518234
                    ],
                    [
                        10.01400155422,
                        53.55379747262
                    ],
                    [
                        10.01400710647,
                        53.55378000240
                    ],
                    [
                        10.01401552069,
                        53.55376294069
                    ],
                    [
                        10.01402671549,
                        53.55374645252
                    ],
                    [
                        10.01404058258,
                        53.55373069739
                    ],
                    [
                        10.01405698782,
                        53.55371582770
                    ],
                    [
                        10.01407577252,
                        53.55370198730
                    ],
                    [
                        10.01409675497,
                        53.55368931006
                    ],
                    [
                        10.01411973220,
                        53.55367791861
                    ],
                    [
                        10.01414448196,
                        53.55366792314
                    ],
                    [
                        10.01417076483,
                        53.55365942035
                    ],
                    [
                        10.01419832657,
                        53.55365249249
                    ],
                    [
                        10.01422690058,
                        53.55364720657
                    ],
                    [
                        10.01425621044,
                        53.55364361371
                    ],
                    [
                        10.01428597265,
                        53.55364174869
                    ],
                    [
                        10.01431589931,
                        53.55364162953
                    ],
                    [
                        10.01434570092,
                        53.55364325740
                    ],
                    [
                        10.01437508922,
                        53.55364661654
                    ],
                    [
                        10.01440377993,
                        53.55365167446
                    ],
                    [
                        10.01443149551,
                        53.55365838223
                    ],
                    [
                        10.01445796786,
                        53.55366667497
                    ],
                    [
                        10.01448294092,
                        53.55367647245
                    ],
                    [
                        10.01450617312,
                        53.55368767992
                    ],
                    [
                        10.01452743972,
                        53.55370018894
                    ],
                    [
                        10.01454653501,
                        53.55371387852
                    ],
                    [
                        10.01456327428,
                        53.55372861624
                    ],
                    [
                        10.01457749560,
                        53.55374425954
                    ],
                    [
                        10.01458906142,
                        53.55376065708
                    ],
                    [
                        10.01459785984,
                        53.55377765026
                    ],
                    [
                        10.01460380577,
                        53.55379507470
                    ],
                    [
                        10.01460684169,
                        53.55381276184
                    ],
                    [
                        10.01460693823,
                        53.55383054060
                    ],
                    [
                        10.01460409445,
                        53.55384823899
                    ],
                    [
                        10.01459833787,
                        53.55386568583
                    ]
                ]
            }
        },
        {
            "type": "Feature",
            "properties": {
                "seat": "15",
                "row": "F"
            },
            "geometry": {
                "type": "Point",
                "coordinates": [
                    10.01437319000,
                    53.55385477000
                ]
            }
        },
        {
            "type": "Feature",
            "properties": {
                "seat": "14",
                "row": "C"
            },
            "geometry": {
                "type": "Point",
                "coordinates": [
                    10.01432414000,
                    53.55381665000
                ]
            }
        },
        {
            "type": "Feature",
            "properties": {
                "row": "J",
                "seat": "24"
            },
            "geometry": {
                "type": "Point",
                "coordinates": [
                    10.01450495000,
                    53.55383704000
                ]
            }
        },
        {
            "type": "Feature",
            "properties": {
                "indoor": "wall"
            },
            "geometry": {
                "type": "LineString",
                "coordinates": [
                    [
                        10.01435965000,
                        53.55396836000
                    ],
                    [
                        10.01436266000,
                        53.55396976000
                    ],
                    [
                        10.01440960325,
                        53.55399153772
                    ],
                    [
                        10.01448867000,
                        53.55402832000
                    ]
                ]
            }
        },
        {
            "type": "Feature",
            "properties": {
                "seat": "17",
                "row": "D"
            },
            "geometry": {
                "type": "Point",
                "coordinates": [
                    10.01438180000,
                    53.55380570000
                ]
            }
        },
        {
            "type": "Feature",
            "properties": {
                "row": "M",
                "seat": "2"
            },
            "geometry": {
                "type": "Point",
                "coordinates": [
                    10.01438841000,
                    53.55394749000
                ]
            }
        },
        {
            "type": "Feature",
            "properties": {
                "row": "N",
                "seat": "16"
            },
            "geometry": {
                "type": "Point",
                "coordinates": [
                    10.01452894000,
                    53.55388230000
                ]
            }
        },
        {
            "type": "Feature",
            "properties": {
                "row": "M",
                "seat": "11"
            },
            "geometry": {
                "type": "Point",
                "coordinates": [
                    10.01444208000,
                    53.55390922000
                ]
            }
        },
        {
            "type": "Feature",
            "properties": {
                "row": "F",
                "seat": "14"
            },
            "geometry": {
                "type": "Point",
                "coordinates": [
                    10.01436694000,
                    53.55385843000
                ]
            }
        },
        {
            "type": "Feature",
            "properties": {
                "indoor": "wall"
            },
            "geometry": {
                "type": "LineString",
                "coordinates": [
                    [
                        10.01432347000,
                        53.55395160000
                    ],
                    [
                        10.01433731000,
                        53.55395801000
                    ]
                ]
            }
        },
        {
            "type": "Feature",
            "properties": {
                "row": "M",
                "seat": "22"
            },
            "geometry": {
                "type": "Point",
                "coordinates": [
                    10.01453796000,
                    53.55386404000
                ]
            }
        },
        {
            "type": "Feature",
            "properties": {
                "row": "J",
                "seat": "8"
            },
            "geometry": {
                "type": "Point",
                "coordinates": [
                    10.01437824000,
                    53.55390249000
                ]
            }
        },
        {
            "type": "Feature",
            "properties": {
                "row": "B",
                "seat": "22"
            },
            "geometry": {
                "type": "Point",
                "coordinates": [
                    10.01439443000,
                    53.55376310000
                ]
            }
        },
        {
            "type": "Feature",
            "properties": {
                "seat": "19",
                "row": "C"
            },
            "geometry": {
                "type": "Point",
                "coordinates": [
                    10.01436775000,
                    53.55379385000
                ]
            }
        },
        {
            "type": "Feature",
            "properties": {
                "seat": "21",
                "row": "D"
            },
            "geometry": {
                "type": "Point",
                "coordinates": [
                    10.01443292000,
                    53.55378354000
                ]
            }
        },
        {
            "type": "Feature",
            "properties": {
                "seat": "4",
                "row": "G"
            },
            "geometry": {
                "type": "Point",
                "coordinates": [
                    10.01432460000,
                    53.55390451000
                ]
            }
        },
        {
            "type": "Feature",
            "properties": {
                "seat": "2",
                "row": "D"
            },
            "geometry": {
                "type": "Point",
                "coordinates": [
                    10.01426099000,
                    53.55388155000
                ]
            }
        },
        {
            "type": "Feature",
            "properties": {
                "seat": "6",
                "row": "F"
            },
            "geometry": {
                "type": "Point",
                "coordinates": [
                    10.01431739000,
                    53.55389127000
                ]
            }
        },
        {
            "type": "Feature",
            "properties": {
                "row": "K",
                "seat": "13"
            },
            "geometry": {
                "type": "Point",
                "coordinates": [
                    10.01442013000,
                    53.55389197000
                ]
            }
        },
        {
            "type": "Feature",
            "properties": {
                "seat": "18",
                "row": "E",
                "rating": "8.0"
            },
            "geometry": {
                "type": "Point",
                "coordinates": [
                    10.01438263000,
                    53.55383402000
                ]
            }
        },
        {
            "type": "Feature",
            "properties": {
                "seat": "20",
                "row": "D"
            },
            "geometry": {
                "type": "Point",
                "coordinates": [
                    10.01442519000,
                    53.55378661000
                ]
            }
        },
        {
            "type": "Feature",
            "properties": {
                "indoor": "wall"
            },
            "geometry": {
                "type": "LineString",
                "coordinates": [
                    [
                        10.01426922000,
                        53.55392640000
                    ],
                    [
                        10.01427232000,
                        53.55392785000
                    ]
                ]
            }
        },
        {
            "type": "Feature",
            "properties": {
                "seat": "17",
                "row": "K"
            },
            "geometry": {
                "type": "Point",
                "coordinates": [
                    10.01444789000,
                    53.55387659000
                ]
            }
        },
        {
            "type": "Feature",
            "properties": {
                "row": "H",
                "seat": "2"
            },
            "geometry": {
                "type": "Point",
                "coordinates": [
                    10.01432519000,
                    53.55392418000
                ]
            }
        },
        {
            "type": "Feature",
            "properties": {
                "row": "B",
                "seat": "24"
            },
            "geometry": {
                "type": "Point",
                "coordinates": [
                    10.01441403000,
                    53.55375554000
                ]
            }
        },
        {
            "type": "Feature",
            "properties": {
                "row": "L",
                "seat": "8"
            },
            "geometry": {
                "type": "Point",
                "coordinates": [
                    10.01440683000,
                    53.55391639000
                ]
            }
        },
        {
            "type": "Feature",
            "properties": {
                "row": "G",
                "seat": "24"
            },
            "geometry": {
                "type": "Point",
                "coordinates": [
                    10.01447258000,
                    53.55382105000
                ]
            }
        },
        {
            "type": "Feature",
            "properties": {
                "seat": "23",
                "row": "C"
            },
            "geometry": {
                "type": "Point",
                "coordinates": [
                    10.01442065000,
                    53.55377091000
                ]
            }
        },
        {
            "type": "Feature",
            "properties": {
                "row": "M",
                "seat": "9"
            },
            "geometry": {
                "type": "Point",
                "coordinates": [
                    10.01443058000,
                    53.55391625000
                ]
            }
        },
        {
            "type": "Feature",
            "properties": {
                "row": "M",
                "seat": "8"
            },
            "geometry": {
                "type": "Point",
                "coordinates": [
                    10.01442412000,
                    53.55392050000
                ]
            }
        },
        {
            "type": "Feature",
            "properties": {
                "seat": "9",
                "row": "K"
            },
            "geometry": {
                "type": "Point",
                "coordinates": [
                    10.01439466000,
                    53.55390805000
                ]
            }
        },
        {
            "type": "Feature",
            "properties": {
                "seat": "16",
                "row": "B"
            },
            "geometry": {
                "type": "Point",
                "coordinates": [
                    10.01432333000,
                    53.55379617000
                ]
            }
        }
    ]
}